{
  "toolchain_note": {
    "iverilog_available": false,
    "dieharder_available": false,
    "method": "Python behavioral model with HDL-equivalent interfaces and local statistical battery"
  },
  "a_path_uniformity": {
    "hmin_per_bit": 0.5145731728297583,
    "hmin_total_per_1024_block": 526.9229289776725,
    "output_bits": [
      128,
      192,
      256,
      320,
      384,
      448
    ],
    "compression_ratio_output_over_hmin": [
      0.24291977623434144,
      0.36437966435151214,
      0.4858395524686829,
      0.6072994405858536,
      0.7287593287030243,
      0.8502192168201951
    ],
    "normalized_entropy_slack": [
      12.466341530552267,
      10.466341530552267,
      8.466341530552267,
      6.466341530552267,
      4.466341530552267,
      2.466341530552267
    ],
    "mean_bit_bias": [
      0.005200195312500044,
      0.0008138020833333148,
      0.0006469726562500222,
      0.00037109374999999556,
      0.0001220703125,
      0.0018415178571428714
    ],
    "recommended_operating_point_bits": 256,
    "recommended_operating_point_ratio": 0.4858395524686829
  },
  "b_path_pvalues": {
    "row_labels": [
      "Monobit",
      "BlockFreq",
      "Runs",
      "Serial-2",
      "ApproxEnt",
      "CumSums",
      "Birthday",
      "Rank32",
      "ByteChi2",
      "PairChi2"
    ],
    "columns": [
      "W1",
      "W2",
      "W3",
      "W4"
    ],
    "matrix": [
      [
        0.11453689589125986,
        0.250788000388511,
        0.6281197574862847,
        0.4255236315215791
      ],
      [
        0.5734988431732048,
        0.28152207759272463,
        0.5627093760371434,
        0.747041904179166
      ],
      [
        0.9945308638997867,
        0.4157398533479184,
        0.21689216205423034,
        0.8964502691156806
      ],
      [
        0.1731788736874905,
        0.34615202118067556,
        0.5738775009741266,
        0.7325447147160611
      ],
      [
        0.3344226810635478,
        0.4979054340644775,
        0.23199070848975023,
        0.9208434933057275
      ],
      [
        0.09926292613639616,
        0.09150724992348219,
        0.45561078455859105,
        0.3668742917852029
      ],
      [
        0.8382379736307038,
        0.3081442149462242,
        0.19729457716565177,
        0.7020665192902127
      ],
      [
        0.37580640749400046,
        0.7900545694502228,
        0.6455521473905972,
        0.8568447926088479
      ],
      [
        0.7333034903306972,
        0.849504975569807,
        0.7330670961290376,
        0.8877263646131329
      ],
      [
        0.958214492559892,
        0.3300759000879863,
        0.31725827522620137,
        0.7795254909556295
      ]
    ],
    "min_pvalue": 0.09150724992348219,
    "max_pvalue": 0.9945308638997867,
    "mean_pvalue": 0.5308550400505465
  },
  "edc_waveform": {
    "threshold": 48,
    "trigger_cycle": 82,
    "trigger_time_ns_at_250mhz": 328,
    "max_edc_before_cutoff": 50
  }
}