{
  "simulation_method": "Python 行为级生产者-消费者模型，模拟双设备节点、SG DMA 环形缓冲区、模式切换状态机与 Zeroize 黑障时间。",
  "n_switch_trials": 480,
  "fast_path_target_gbps": 12.0,
  "cert_path_read_policy": "阻塞式 read + poll，健康状态不满足时返回 -EAGAIN/-EIO，避免无限等待。",
  "blackout_stats_ms": {
    "mean_ms": 1.5225589991376671,
    "std_ms": 0.20103046410956868,
    "p50_ms": 1.5245970313878985,
    "p95_ms": 1.8287545138931283,
    "p99_ms": 1.902087810618706,
    "max_ms": 1.9745660883989478,
    "min_ms": 1.0356792356767222
  },
  "state_durations_us": {
    "block_io_mean": 149.20317142109175,
    "zeroize_mean": 128.4147444423844,
    "rebuild_mean": 576.4416905816917,
    "audit_mean": 202.4544424262828,
    "resume_mean": 303.9980861780725
  },
  "queue_integrity": {
    "mean_flushed_packets": 23.21875,
    "max_flushed_packets": 38,
    "stale_packets_after_resume": 0
  },
  "representative_timeline": {
    "switch_t0_ms": 1.7,
    "resume_t_ms": 2.88,
    "new_data_t_ms": 2.96,
    "blackout_ms": 1.26,
    "flushed_packets": 34.412266279955574
  }
}